{"parameter_model": [0, 0.00023713737056616554, 0, 0, 7.498942093324559e-08, 0, 0, 0.0001288249551693135, 0, 0, 0, 0.1, 0.1, 10, 0.1, 0.1, 0.1, 7.079457843841373, 0.8912509381337459, 1.62181009735893e-05, 0.001, 0.001, 1, 1, 0.6, 0.6, 0.6, 0.6, 0.2, 0.1, 3, 0.6, 1.8, 1.9498445997580455e-07, 0.001], "parameter_pressure": 0.001, "output_file_name": "wingDisc"}