{"parameter_model": [0, 4.216965034285822e-06, 0, 0, 0.00033496543915782794, 0, 0, 7.762471166286927e-07, 0, 0, 0, 0.1, 0.1, 10, 0.1, 0.1, 0.1, 0.0023442288153199225, 1.1748975549395304, 0.0013489628825916532, 0.001, 0.001, 1, 1, 0.6, 0.6, 0.6, 0.6, 0.2, 0.1, 3, 0.6, 1.8, 3.715352290971728e-08, 0.001], "parameter_pressure": 0.001, "output_file_name": "wingDisc"}