{"parameter_model": [0, 1.122018454301963e-05, 0, 0, 1.1220184543019652e-06, 0, 0, 0.0038018939632056127, 0, 0, 0, 0.1, 0.1, 10, 0.1, 0.1, 0.1, 0.005011872336272725, 0.10471285480509006, 0.0012589254117941662, 0.001, 0.001, 1, 1, 0.6, 0.6, 0.6, 0.6, 0.2, 0.1, 3, 0.6, 1.8, 1.995262314968883e-05, 0.001], "parameter_pressure": 0.001, "output_file_name": "wingDisc"}