{"parameter_model": [0, 5.308844442309879e-05, 0, 0, 7.498942093324558e-06, 0, 0, 0.0005128613839913648, 0, 0, 0, 0.1, 0.1, 10, 0.1, 0.1, 0.1, 0.0017782794100389228, 0.08511380382023767, 9.772372209558111e-05, 0.001, 0.001, 1, 1, 0.6, 0.6, 0.6, 0.6, 0.2, 0.1, 3, 0.6, 1.8, 0.0002951209226666384, 0.001], "parameter_pressure": 0.001, "output_file_name": "wingDisc"}