{"parameter_model": [0, 0.000675, 0, 0, 2.5e-05, 0, 0, 0.005750000000000001, 0, 0, 0, 0.1, 0.1, 10, 0.1, 0.1, 0.1, 5.250000475000001, 4.750000525, 8.250000175, 0.001, 0.001, 1, 1, 0.6, 0.6, 0.6, 0.6, 0.2, 0.1, 3, 0.6, 1.8, 0.00475, 0.001], "parameter_pressure": 0.001, "output_file_name": "wingDisc"}