{"parameter_model": [0, 5.3088444423098795e-08, 0, 0, 4.731512589614812e-06, 0, 0, 7.413102413009176e-05, 0, 0, 0, 0.1, 0.1, 10, 0.1, 0.1, 0.1, 0.0035481338923357532, 0.0003890451449942805, 4.897788193684456e-05, 0.001, 0.001, 1, 1, 0.6, 0.6, 0.6, 0.6, 0.2, 0.1, 3, 0.6, 1.8, 0.004677351412871981, 0.001], "parameter_pressure": 0.001, "output_file_name": "wingDisc"}