{"parameter_model": [0, 1.188502227437019e-05, 0, 0, 3.3496543915782793e-06, 0, 0, 1.122018454301963e-07, 0, 0, 0, 0.1, 0.1, 10, 0.1, 0.1, 0.1, 6.165950018614822, 0.000223872113856834, 2.344228815319923, 0.001, 0.001, 1, 1, 0.6, 0.6, 0.6, 0.6, 0.2, 0.1, 3, 0.6, 1.8, 0.002691534803926914, 0.001], "parameter_pressure": 0.001, "output_file_name": "wingDisc"}