{"parameter_model": [0, 3.3496543915782795e-08, 0, 0, 2.3713737056616554e-07, 0, 0, 5.128613839913648e-07, 0, 0, 0, 0.1, 0.1, 10, 0.1, 0.1, 0.1, 0.05623413251903491, 0.0006760829753919819, 3.235936569296281e-05, 0.001, 0.001, 1, 1, 0.6, 0.6, 0.6, 0.6, 0.2, 0.1, 3, 0.6, 1.8, 2.570395782768865e-07, 0.001], "parameter_pressure": 0.001, "output_file_name": "wingDisc"}