{"parameter_model": [0, 3.758374042884436e-05, 0, 0, 0.0003758374042884443, 0, 0, 2.2387211385683377e-07, 0, 0, 0, 0.1, 0.1, 10, 0.1, 0.1, 0.1, 3.5481338923357604, 7.413102413009176e-05, 1.3489628825916533, 0.001, 0.001, 1, 1, 0.6, 0.6, 0.6, 0.6, 0.2, 0.1, 3, 0.6, 1.8, 9.772372209558111e-08, 0.001], "parameter_pressure": 0.001, "output_file_name": "wingDisc"}