{"parameter_model": [0, 1.883649089489802e-07, 0, 0, 1.0592537251772898e-08, 0, 0, 6.760829753919819e-07, 0, 0, 0, 0.1, 0.1, 10, 0.1, 0.1, 0.1, 0.006165950018614822, 0.012302687708123811, 0.000223872113856834, 0.001, 0.001, 1, 1, 0.6, 0.6, 0.6, 0.6, 0.2, 0.1, 3, 0.6, 1.8, 0.0035481338923357606, 0.001], "parameter_pressure": 0.001, "output_file_name": "wingDisc"}