{"parameter_model": [0, 0.0001, 0, 0, 0, 0, 0, 0.001, 0, 0, 0, 0.1, 0.1, 10, 0.1, 0.1, 0.1, 3.9810717055349695e-05, 0.0006309573444801936, 3.9810717055349695e-05, 0.001, 0.001, 1, 1, 0.6, 0.6, 0.6, 0.6, 0.08590135215053957, 0.25234807724805747, 0.9015711376059571, 0.6, 1.8, 0.002511886431509582, 0.001], "parameter_pressure": 0.001, "output_file_name": "wingDisc"}