{"parameter_model": [0, 7.079457843841374e-07, 0, 0, 2.818382931264455e-05, 0, 0, 1.8197008586099824e-07, 0, 0, 0, 0.1, 0.1, 10, 0.1, 0.1, 0.1, 1.6595869074375598, 0.31622776601683794, 6.0255958607435806e-05, 0.001, 0.001, 1, 1, 0.6, 0.6, 0.6, 0.6, 0.2, 0.1, 3, 0.6, 1.8, 5.495408738576248e-07, 0.001], "parameter_pressure": 0.001, "output_file_name": "wingDisc"}