{"parameter_model": [0, 2.1134890398366476e-08, 0, 0, 1.4962356560944329e-06, 0, 0, 4.897788193684456e-08, 0, 0, 0, 0.1, 0.1, 10, 0.1, 0.1, 0.1, 0.04897788193684462, 0.25703957827688645, 0.024547089156850336, 0.001, 0.001, 1, 1, 0.6, 0.6, 0.6, 0.6, 0.2, 0.1, 3, 0.6, 1.8, 2.818382931264455e-08, 0.001], "parameter_pressure": 0.001, "output_file_name": "wingDisc"}