{"parameter_model": [0, 4.466835921509635e-06, 0, 0, 1.4125375446227554e-06, 0, 0, 0.000239883291901949, 0, 0, 0, 0.1, 0.1, 10, 0.1, 0.1, 0.1, 0.00010471285480508996, 0.07943282347242822, 0.006606934480075957, 0.001, 0.001, 1, 1, 0.6, 0.6, 0.6, 0.6, 0.2, 0.1, 3, 0.6, 1.8, 1.8197008586099824e-07, 0.001], "parameter_pressure": 0.001, "output_file_name": "wingDisc"}