{"parameter_model": [0, 3.3496543915782793e-06, 0, 0, 0.00042169650342858224, 0, 0, 0.00014791083881682073, 0, 0, 0, 0.1, 0.1, 10, 0.1, 0.1, 0.1, 1.7782794100389228, 0.0015488166189124811, 0.06456542290346556, 0.001, 0.001, 1, 1, 0.6, 0.6, 0.6, 0.6, 0.2, 0.1, 3, 0.6, 1.8, 5.888436553555884e-07, 0.001], "parameter_pressure": 0.001, "output_file_name": "wingDisc"}