{"parameter_model": [0, 2.818382931264455e-07, 0, 0, 1.4125375446227555e-07, 0, 0, 3.162277660168379e-07, 0, 0, 0, 0.1, 0.1, 10, 0.1, 0.1, 0.1, 0.31622776601683794, 0.9549925860214369, 0.0007244359600749898, 0.001, 0.001, 1, 1, 0.6, 0.6, 0.6, 0.6, 0.2, 0.1, 3, 0.6, 1.8, 0.00031622776601683794, 0.001], "parameter_pressure": 0.001, "output_file_name": "wingDisc"}