{"parameter_model": [0, 3.3496543915782794e-05, 0, 0, 1.883649089489802e-08, 0, 0, 0.0010232929922807535, 0, 0, 0, 0.1, 0.1, 10, 0.1, 0.1, 0.1, 0.33884415613920277, 0.6760829753919819, 0.0001122018454301963, 0.001, 0.001, 1, 1, 0.6, 0.6, 0.6, 0.6, 0.2, 0.1, 3, 0.6, 1.8, 0.0010232929922807535, 0.001], "parameter_pressure": 0.001, "output_file_name": "wingDisc"}