{"parameter_model": [0, 1.778279410038923e-05, 0, 0, 8.912509381337459e-07, 0, 0, 0.006606934480075964, 0, 0, 0, 0.1, 0.1, 10, 0.1, 0.1, 0.1, 0.41686938347033553, 0.18197008586099825, 0.06025595860743581, 0.001, 0.001, 1, 1, 0.6, 0.6, 0.6, 0.6, 0.2, 0.1, 3, 0.6, 1.8, 1.5135612484362072e-08, 0.001], "parameter_pressure": 0.001, "output_file_name": "wingDisc"}