{"parameter_model": [0, 0.0007079457843841374, 0, 0, 5.623413251903491e-05, 0, 0, 1.1481536214968817e-08, 0, 0, 0, 0.1, 0.1, 10, 0.1, 0.1, 0.1, 0.01995262314968881, 0.0009549925860214359, 0.07943282347242822, 0.001, 0.001, 1, 1, 0.6, 0.6, 0.6, 0.6, 0.2, 0.1, 3, 0.6, 1.8, 0.000239883291901949, 0.001], "parameter_pressure": 0.001, "output_file_name": "wingDisc"}