{"parameter_model": [0, 0.0005250000000000001, 0, 0, 0.000125, 0, 0, 0.0032500000000000007, 0, 0, 0, 0.1, 0.1, 10, 0.1, 0.1, 0.1, 7.750000225000001, 6.250000375000001, 3.750000625, 0.001, 0.001, 1, 1, 0.6, 0.6, 0.6, 0.6, 0.2, 0.1, 3, 0.6, 1.8, 0.006750000000000001, 0.001], "parameter_pressure": 0.001, "output_file_name": "wingDisc"}