{"parameter_model": [0, 3.548133892335753e-07, 0, 0, 4.4668359215096346e-08, 0, 0, 4.570881896148752e-08, 0, 0, 0, 0.1, 0.1, 10, 0.1, 0.1, 0.1, 0.0009549925860214359, 8.709635899560796, 0.01148153621496883, 0.001, 0.001, 1, 1, 0.6, 0.6, 0.6, 0.6, 0.2, 0.1, 3, 0.6, 1.8, 4.5708818961487516e-05, 0.001], "parameter_pressure": 0.001, "output_file_name": "wingDisc"}