{"parameter_model": [0, 1.4125375446227554e-06, 0, 0, 2.2387211385683378e-08, 0, 0, 1.3803842646028865e-07, 0, 0, 0, 0.1, 0.1, 10, 0.1, 0.1, 0.1, 0.034673685045253165, 0.008709635899560805, 0.7244359600749906, 0.001, 0.001, 1, 1, 0.6, 0.6, 0.6, 0.6, 0.2, 0.1, 3, 0.6, 1.8, 1.6595869074375596e-06, 0.001], "parameter_pressure": 0.001, "output_file_name": "wingDisc"}