{"parameter_model": [0, 0.0009750000000000001, 0, 0, 0.000875, 0, 0, 0.00375, 0, 0, 0, 0.1, 0.1, 10, 0.1, 0.1, 0.1, 1.250000875, 9.250000075, 3.2500006750000012, 0.001, 0.001, 1, 1, 0.6, 0.6, 0.6, 0.6, 0.2, 0.1, 3, 0.6, 1.8, 0.0017500000000000003, 0.001], "parameter_pressure": 0.001, "output_file_name": "wingDisc"}