{"parameter_model": [0, 0.0001, 0, 0, 0, 0, 0, 0.001, 0, 0, 0, 0.1, 0.1, 10, 0.1, 0.1, 0.1, 2.5118864315095824, 2.5118864315095824, 0.01, 0.001, 0.001, 1, 1, 0.6, 0.6, 0.6, 0.6, 0.05997910762555094, 0.1761976046411629, 1.3335214321633242, 0.6, 1.8, 3.981071705534969e-08, 0.001], "parameter_pressure": 0.001, "output_file_name": "wingDisc"}