{"parameter_model": [0, 1.6788040181225588e-05, 0, 0, 1.0592537251772898e-06, 0, 0, 0.0035481338923357606, 0, 0, 0, 0.1, 0.1, 10, 0.1, 0.1, 0.1, 0.0020417379446695297, 0.009332543007969905, 0.0004466835921509635, 0.001, 0.001, 1, 1, 0.6, 0.6, 0.6, 0.6, 0.2, 0.1, 3, 0.6, 1.8, 1.0232929922807537e-06, 0.001], "parameter_pressure": 0.001, "output_file_name": "wingDisc"}