{"parameter_model": [0, 2.2387211385683377e-07, 0, 0, 3.548133892335753e-07, 0, 0, 2.1877616239495517e-06, 0, 0, 0, 0.1, 0.1, 10, 0.1, 0.1, 0.1, 7.943282347242822e-05, 0.04570881896148752, 0.00031622776601683794, 0.001, 0.001, 1, 1, 0.6, 0.6, 0.6, 0.6, 0.2, 0.1, 3, 0.6, 1.8, 0.0028840315031266055, 0.001], "parameter_pressure": 0.001, "output_file_name": "wingDisc"}