{"parameter_model": [0, 1.496235656094433e-08, 0, 0, 0.00016788040181225588, 0, 0, 2.6915348039269138e-06, 0, 0, 0, 0.1, 0.1, 10, 0.1, 0.1, 0.1, 0.0001122018454301963, 0.024547089156850336, 0.8912509381337459, 0.001, 0.001, 1, 1, 0.6, 0.6, 0.6, 0.6, 0.2, 0.1, 3, 0.6, 1.8, 1.071519305237607e-08, 0.001], "parameter_pressure": 0.001, "output_file_name": "wingDisc"}