{"parameter_model": [0, 7.079457843841388e-06, 0, 0, 1.7782794100389228e-08, 0, 0, 0.0005495408738576248, 0, 0, 0, 0.1, 0.1, 10, 0.1, 0.1, 0.1, 6.606934480075965, 0.01148153621496883, 0.10471285480509006, 0.001, 0.001, 1, 1, 0.6, 0.6, 0.6, 0.6, 0.2, 0.1, 3, 0.6, 1.8, 0.0004168693834703355, 0.001], "parameter_pressure": 0.001, "output_file_name": "wingDisc"}