{"parameter_model": [0, 1.1220184543019652e-06, 0, 0, 0.00011220184543019653, 0, 0, 0.005011872336272715, 0, 0, 0, 0.1, 0.1, 10, 0.1, 0.1, 0.1, 6.0255958607435806e-05, 0.239883291901949, 5.011872336272715, 0.001, 0.001, 1, 1, 0.6, 0.6, 0.6, 0.6, 0.2, 0.1, 3, 0.6, 1.8, 2.1877616239495517e-06, 0.001], "parameter_pressure": 0.001, "output_file_name": "wingDisc"}