{"parameter_model": [0, 2.9853826189179572e-06, 0, 0, 5.9566214352901096e-05, 0, 0, 5.888436553555884e-07, 0, 0, 0, 0.1, 0.1, 10, 0.1, 0.1, 0.1, 0.009332543007969905, 1.3489628825916533, 1.0232929922807537, 0.001, 0.001, 1, 1, 0.6, 0.6, 0.6, 0.6, 0.2, 0.1, 3, 0.6, 1.8, 3.890451449942805e-07, 0.001], "parameter_pressure": 0.001, "output_file_name": "wingDisc"}