{"parameter_model": [0, 0.0009440608762859227, 0, 0, 1.883649089489802e-05, 0, 0, 0.0015488166189124796, 0, 0, 0, 0.1, 0.1, 10, 0.1, 0.1, 0.1, 0.7762471166286927, 7.079457843841373, 0.0035481338923357532, 0.001, 0.001, 1, 1, 0.6, 0.6, 0.6, 0.6, 0.2, 0.1, 3, 0.6, 1.8, 3.548133892335753e-06, 0.001], "parameter_pressure": 0.001, "output_file_name": "wingDisc"}