{"parameter_model": [0, 4.7315125896148026e-07, 0, 0, 0.0007498942093324559, 0, 0, 0.0007762471166286928, 0, 0, 0, 0.1, 0.1, 10, 0.1, 0.1, 0.1, 0.0005888436553555889, 0.33884415613920277, 0.1288249551693135, 0.001, 0.001, 1, 1, 0.6, 0.6, 0.6, 0.6, 0.2, 0.1, 3, 0.6, 1.8, 2.1379620895022325e-08, 0.001], "parameter_pressure": 0.001, "output_file_name": "wingDisc"}