{"parameter_model": [0, 0.0001, 0, 0, 0, 0, 0, 0.001, 0, 0, 0, 0.1, 0.1, 10, 0.1, 0.1, 0.1, 0.01, 3.9810717055349695e-05, 0.15848931924611143, 0.001, 0.001, 1, 1, 0.6, 0.6, 0.6, 0.6, 0.25234807724805747, 0.05997910762555094, 0.6095368972401692, 0.6, 1.8, 0.00015848931924611142, 0.001], "parameter_pressure": 0.001, "output_file_name": "wingDisc"}