{"parameter_model": [0, 4.731512589614803e-08, 0, 0, 9.440608762859225e-06, 0, 0, 2.570395782768865e-07, 0, 0, 0, 0.1, 0.1, 10, 0.1, 0.1, 0.1, 0.00033884415613920273, 2.818382931264455e-05, 0.00016982436524617443, 0.001, 0.001, 1, 1, 0.6, 0.6, 0.6, 0.6, 0.2, 0.1, 3, 0.6, 1.8, 5.370317963702533e-06, 0.001], "parameter_pressure": 0.001, "output_file_name": "wingDisc"}