{"parameter_model": [0, 1.883649089489802e-08, 0, 0, 5.956621435290109e-06, 0, 0, 0.00022387211385683378, 0, 0, 0, 0.1, 0.1, 10, 0.1, 0.1, 0.1, 0.0006760829753919819, 5.370317963702533, 0.5128613839913648, 0.001, 0.001, 1, 1, 0.6, 0.6, 0.6, 0.6, 0.2, 0.1, 3, 0.6, 1.8, 1.2302687708123811e-08, 0.001], "parameter_pressure": 0.001, "output_file_name": "wingDisc"}