{"parameter_model": [0, 0.0008413951416451947, 0, 0, 0.00047315125896148127, 0, 0, 2.3442288153199226e-06, 0, 0, 0, 0.1, 0.1, 10, 0.1, 0.1, 0.1, 0.012302687708123811, 1.62181009735893e-05, 0.021379620895022326, 0.001, 0.001, 1, 1, 0.6, 0.6, 0.6, 0.6, 0.2, 0.1, 3, 0.6, 1.8, 3.235936569296281e-05, 0.001], "parameter_pressure": 0.001, "output_file_name": "wingDisc"}