{"parameter_model": [0, 1.0592537251772898e-08, 0, 0, 2.113489039836648e-06, 0, 0, 0.00019498445997580456, 0, 0, 0, 0.1, 0.1, 10, 0.1, 0.1, 0.1, 0.11220184543019653, 0.09772372209558111, 0.0010232929922807546, 0.001, 0.001, 1, 1, 0.6, 0.6, 0.6, 0.6, 0.2, 0.1, 3, 0.6, 1.8, 2.4547089156850285e-08, 0.001], "parameter_pressure": 0.001, "output_file_name": "wingDisc"}