{"parameter_model": [0, 7.498942093324559e-08, 0, 0, 0.00023713737056616554, 0, 0, 1.0232929922807537e-06, 0, 0, 0, 0.1, 0.1, 10, 0.1, 0.1, 0.1, 7.413102413009176e-05, 0.004073802778041126, 0.19498445997580455, 0.001, 0.001, 1, 1, 0.6, 0.6, 0.6, 0.6, 0.2, 0.1, 3, 0.6, 1.8, 0.0002570395782768865, 0.001], "parameter_pressure": 0.001, "output_file_name": "wingDisc"}