{"parameter_model": [0, 4.2169650342858225e-08, 0, 0, 0.000595662143529011, 0, 0, 6.456542290346562e-08, 0, 0, 0, 0.1, 0.1, 10, 0.1, 0.1, 0.1, 4.07380277804113, 0.00016982436524617443, 8.128305161640995, 0.001, 0.001, 1, 1, 0.6, 0.6, 0.6, 0.6, 0.2, 0.1, 3, 0.6, 1.8, 8.128305161640995e-06, 0.001], "parameter_pressure": 0.001, "output_file_name": "wingDisc"}