{"parameter_model": [0, 6.683439175686149e-07, 0, 0, 4.7315125896148026e-07, 0, 0, 3.3884415613920274e-07, 0, 0, 0, 0.1, 0.1, 10, 0.1, 0.1, 0.1, 0.4466835921509635, 1.5488166189124797, 0.012302687708123811, 0.001, 0.001, 1, 1, 0.6, 0.6, 0.6, 0.6, 0.2, 0.1, 3, 0.6, 1.8, 4.897788193684456e-08, 0.001], "parameter_pressure": 0.001, "output_file_name": "wingDisc"}