{"parameter_model": [0, 4.731512589614812e-06, 0, 0, 2.6607250597988086e-06, 0, 0, 4.265795188015926e-05, 0, 0, 0, 0.1, 0.1, 10, 0.1, 0.1, 0.1, 0.021379620895022326, 0.03235936569296281, 7.413102413009176e-05, 0.001, 0.001, 1, 1, 0.6, 0.6, 0.6, 0.6, 0.2, 0.1, 3, 0.6, 1.8, 3.3884415613920274e-07, 0.001], "parameter_pressure": 0.001, "output_file_name": "wingDisc"}