{"parameter_model": [0, 6.683439175686149e-08, 0, 0, 1.6788040181225588e-07, 0, 0, 9.772372209558111e-08, 0, 0, 0, 0.1, 0.1, 10, 0.1, 0.1, 0.1, 6.456542290346563e-05, 1.8620871366628657e-05, 0.25703957827688645, 0.001, 0.001, 1, 1, 0.6, 0.6, 0.6, 0.6, 0.2, 0.1, 3, 0.6, 1.8, 9.332543007969906e-06, 0.001], "parameter_pressure": 0.001, "output_file_name": "wingDisc"}