{"parameter_model": [0, 0.00011220184543019653, 0, 0, 1.7782794100389227e-07, 0, 0, 7.943282347242822e-08, 0, 0, 0, 0.1, 0.1, 10, 0.1, 0.1, 0.1, 0.0038018939632056127, 0.0028840315031266055, 0.0005495408738576248, 0.001, 0.001, 1, 1, 0.6, 0.6, 0.6, 0.6, 0.2, 0.1, 3, 0.6, 1.8, 3.162277660168379e-07, 0.001], "parameter_pressure": 0.001, "output_file_name": "wingDisc"}