{"parameter_model": [0, 0.0007498942093324559, 0, 0, 2.1134890398366476e-08, 0, 0, 0.0070794578438413735, 0, 0, 0, 0.1, 0.1, 10, 0.1, 0.1, 0.1, 0.0026915348039269166, 0.0007762471166286919, 8.51138038202376e-05, 0.001, 0.001, 1, 1, 0.6, 0.6, 0.6, 0.6, 0.2, 0.1, 3, 0.6, 1.8, 0.005370317963702532, 0.001], "parameter_pressure": 0.001, "output_file_name": "wingDisc"}