{"parameter_model": [0, 0.000475, 0, 0, 0.0007250000000000001, 0, 0, 0.00475, 0, 0, 0, 0.1, 0.1, 10, 0.1, 0.1, 0.1, 4.2500005750000005, 5.250000475000001, 0.7500009250000002, 0.001, 0.001, 1, 1, 0.6, 0.6, 0.6, 0.6, 0.2, 0.1, 3, 0.6, 1.8, 0.00625, 0.001], "parameter_pressure": 0.001, "output_file_name": "wingDisc"}