{"parameter_model": [0, 4.216965034285822e-05, 0, 0, 1.678804018122559e-06, 0, 0, 1.5488166189124796e-06, 0, 0, 0, 0.1, 0.1, 10, 0.1, 0.1, 0.1, 0.25703957827688645, 1.4125375446227555e-05, 0.009332543007969905, 0.001, 0.001, 1, 1, 0.6, 0.6, 0.6, 0.6, 0.2, 0.1, 3, 0.6, 1.8, 0.0070794578438413735, 0.001], "parameter_pressure": 0.001, "output_file_name": "wingDisc"}