{"parameter_model": [0, 1.188502227437019e-07, 0, 0, 0.00010592537251772897, 0, 0, 0.002691534803926914, 0, 0, 0, 0.1, 0.1, 10, 0.1, 0.1, 0.1, 0.22387211385683378, 0.008128305161640995, 6.165950018614822, 0.001, 0.001, 1, 1, 0.6, 0.6, 0.6, 0.6, 0.2, 0.1, 3, 0.6, 1.8, 6.456542290346563e-05, 0.001], "parameter_pressure": 0.001, "output_file_name": "wingDisc"}