{"parameter_model": [0, 0.000530884444230989, 0, 0, 1.333521432163324e-08, 0, 0, 4.677351412871981e-06, 0, 0, 0, 0.1, 0.1, 10, 0.1, 0.1, 0.1, 0.00012882495516931337, 0.0001122018454301963, 0.0008912509381337459, 0.001, 0.001, 1, 1, 0.6, 0.6, 0.6, 0.6, 0.2, 0.1, 3, 0.6, 1.8, 2.818382931264449e-05, 0.001], "parameter_pressure": 0.001, "output_file_name": "wingDisc"}