{"parameter_model": [0, 1.122018454301963e-07, 0, 0, 7.079457843841373e-05, 0, 0, 2.884031503126606e-06, 0, 0, 0, 0.1, 0.1, 10, 0.1, 0.1, 0.1, 0.0007244359600749898, 0.015135612484362087, 1.9952623149688786e-05, 0.001, 0.001, 1, 1, 0.6, 0.6, 0.6, 0.6, 0.2, 0.1, 3, 0.6, 1.8, 0.005011872336272715, 0.001], "parameter_pressure": 0.001, "output_file_name": "wingDisc"}