{"parameter_model": [0, 7.498942093324558e-07, 0, 0, 8.413951416451948e-06, 0, 0, 0.0017782794100389228, 0, 0, 0, 0.1, 0.1, 10, 0.1, 0.1, 0.1, 1.8620871366628657e-05, 3.090295432513592, 0.0002570395782768865, 0.001, 0.001, 1, 1, 0.6, 0.6, 0.6, 0.6, 0.2, 0.1, 3, 0.6, 1.8, 1.4125375446227555e-05, 0.001], "parameter_pressure": 0.001, "output_file_name": "wingDisc"}