{"parameter_model": [0, 7.079457843841373e-05, 0, 0, 4.466835921509635e-07, 0, 0, 1.2589254117941661e-06, 0, 0, 0, 0.1, 0.1, 10, 0.1, 0.1, 0.1, 0.0004168693834703355, 1.2589254117941662, 3.801893963205613, 0.001, 0.001, 1, 1, 0.6, 0.6, 0.6, 0.6, 0.2, 0.1, 3, 0.6, 1.8, 7.244359600749891e-07, 0.001], "parameter_pressure": 0.001, "output_file_name": "wingDisc"}