{"parameter_model": [0, 1.0592537251772897e-07, 0, 0, 0.00014962356560944327, 0, 0, 0.00407380277804113, 0, 0, 0, 0.1, 0.1, 10, 0.1, 0.1, 0.1, 4.897788193684456e-05, 0.1698243652461746, 0.7762471166286927, 0.001, 0.001, 1, 1, 0.6, 0.6, 0.6, 0.6, 0.2, 0.1, 3, 0.6, 1.8, 7.413102413009177e-08, 0.001], "parameter_pressure": 0.001, "output_file_name": "wingDisc"}