{"parameter_model": [0, 8.91250938133744e-06, 0, 0, 1.122018454301963e-08, 0, 0, 0.002187761623949552, 0, 0, 0, 0.1, 0.1, 10, 0.1, 0.1, 0.1, 1.9952623149688786e-05, 2.8840315031266055, 2.8840315031266055, 0.001, 0.001, 1, 1, 0.6, 0.6, 0.6, 0.6, 0.2, 0.1, 3, 0.6, 1.8, 0.008709635899560796, 0.001], "parameter_pressure": 0.001, "output_file_name": "wingDisc"}