{"parameter_model": [0, 0.0002818382931264455, 0, 0, 1.122018454301963e-07, 0, 0, 5.495408738576248e-07, 0, 0, 0, 0.1, 0.1, 10, 0.1, 0.1, 0.1, 0.01148153621496883, 3.467368504525317e-05, 0.31622776601683794, 0.001, 0.001, 1, 1, 0.6, 0.6, 0.6, 0.6, 0.2, 0.1, 3, 0.6, 1.8, 1.5135612484362071e-05, 0.001], "parameter_pressure": 0.001, "output_file_name": "wingDisc"}