{"parameter_model": [0, 1.333521432163324e-05, 0, 0, 4.731512589614803e-08, 0, 0, 9.772372209558111e-05, 0, 0, 0, 0.1, 0.1, 10, 0.1, 0.1, 0.1, 0.0002951209226666384, 6.456542290346563e-05, 0.00019498445997580456, 0.001, 0.001, 1, 1, 0.6, 0.6, 0.6, 0.6, 0.2, 0.1, 3, 0.6, 1.8, 1.3489628825916533e-06, 0.001], "parameter_pressure": 0.001, "output_file_name": "wingDisc"}