{"parameter_model": [0, 4.466835921509635e-07, 0, 0, 0.0008912509381337459, 0, 0, 3.4673685045253164e-08, 0, 0, 0, 0.1, 0.1, 10, 0.1, 0.1, 0.1, 3.801893963205613, 7.943282347242822e-05, 0.034673685045253165, 0.001, 0.001, 1, 1, 0.6, 0.6, 0.6, 0.6, 0.2, 0.1, 3, 0.6, 1.8, 0.006606934480075964, 0.001], "parameter_pressure": 0.001, "output_file_name": "wingDisc"}