{"parameter_model": [0, 6.683439175686149e-06, 0, 0, 4.216965034285822e-05, 0, 0, 1.230268770812381e-05, 0, 0, 0, 0.1, 0.1, 10, 0.1, 0.1, 0.1, 0.003090295432513592, 0.018620871366628693, 0.05623413251903491, 0.001, 0.001, 1, 1, 0.6, 0.6, 0.6, 0.6, 0.2, 0.1, 3, 0.6, 1.8, 7.762471166286927e-07, 0.001], "parameter_pressure": 0.001, "output_file_name": "wingDisc"}