{"parameter_model": [0, 5.623413251903491e-06, 0, 0, 2.818382931264455e-07, 0, 0, 9.549925860214369e-07, 0, 0, 0, 0.1, 0.1, 10, 0.1, 0.1, 0.1, 0.9549925860214369, 3.801893963205613, 0.0016595869074375598, 0.001, 0.001, 1, 1, 0.6, 0.6, 0.6, 0.6, 0.2, 0.1, 3, 0.6, 1.8, 0.00018197008586099826, 0.001], "parameter_pressure": 0.001, "output_file_name": "wingDisc"}