{"parameter_model": [0, 1.678804018122559e-06, 0, 0, 8.413951416451948e-07, 0, 0, 1.9498445997580455e-07, 0, 0, 0, 0.1, 0.1, 10, 0.1, 0.1, 0.1, 0.0002570395782768865, 5.623413251903491e-05, 3.715352290971728e-05, 0.001, 0.001, 1, 1, 0.6, 0.6, 0.6, 0.6, 0.2, 0.1, 3, 0.6, 1.8, 4.265795188015925e-08, 0.001], "parameter_pressure": 0.001, "output_file_name": "wingDisc"}