{"parameter_model": [0, 5.956621435290109e-07, 0, 0, 0.00029853826189179573, 0, 0, 0.0004466835921509635, 0, 0, 0, 0.1, 0.1, 10, 0.1, 0.1, 0.1, 0.06456542290346556, 0.0017782794100389228, 0.03715352290971724, 0.001, 0.001, 1, 1, 0.6, 0.6, 0.6, 0.6, 0.2, 0.1, 3, 0.6, 1.8, 1.6982436524617461e-07, 0.001], "parameter_pressure": 0.001, "output_file_name": "wingDisc"}