{"parameter_model": [0, 0.0008250000000000001, 0, 0, 0.00022500000000000002, 0, 0, 0.0027500000000000003, 0, 0, 0, 0.1, 0.1, 10, 0.1, 0.1, 0.1, 3.2500006750000012, 1.7500008250000003, 7.250000275000001, 0.001, 0.001, 1, 1, 0.6, 0.6, 0.6, 0.6, 0.2, 0.1, 3, 0.6, 1.8, 0.00125, 0.001], "parameter_pressure": 0.001, "output_file_name": "wingDisc"}