{"parameter_model": [0, 0.00016788040181225588, 0, 0, 1.333521432163324e-05, 0, 0, 0.0020417379446695315, 0, 0, 0, 0.1, 0.1, 10, 0.1, 0.1, 0.1, 0.004073802778041126, 4.677351412871981, 1.7782794100389228, 0.001, 0.001, 1, 1, 0.6, 0.6, 0.6, 0.6, 0.2, 0.1, 3, 0.6, 1.8, 4.265795188015926e-05, 0.001], "parameter_pressure": 0.001, "output_file_name": "wingDisc"}