{"parameter_model": [0, 3.7583740428844434e-08, 0, 0, 1.188502227437019e-05, 0, 0, 0.00011220184543019653, 0, 0, 0, 0.1, 0.1, 10, 0.1, 0.1, 0.1, 0.0008912509381337459, 0.7762471166286927, 2.041737944669532, 0.001, 0.001, 1, 1, 0.6, 0.6, 0.6, 0.6, 0.2, 0.1, 3, 0.6, 1.8, 5.623413251903491e-05, 0.001], "parameter_pressure": 0.001, "output_file_name": "wingDisc"}