{"parameter_model": [0, 0.00014962356560944327, 0, 0, 2.660725059798814e-07, 0, 0, 1.4125375446227555e-05, 0, 0, 0, 0.1, 0.1, 10, 0.1, 0.1, 0.1, 0.1288249551693135, 1.071519305237607e-05, 0.0011748975549395304, 0.001, 0.001, 1, 1, 0.6, 0.6, 0.6, 0.6, 0.2, 0.1, 3, 0.6, 1.8, 1.2882495516931322e-07, 0.001], "parameter_pressure": 0.001, "output_file_name": "wingDisc"}