{"parameter_model": [0, 0.0001883649089489802, 0, 0, 0.00026607250597988083, 0, 0, 2.1379620895022323e-05, 0, 0, 0, 0.1, 0.1, 10, 0.1, 0.1, 0.1, 5.370317963702533, 0.0013489628825916532, 0.0005128613839913648, 0.001, 0.001, 1, 1, 0.6, 0.6, 0.6, 0.6, 0.2, 0.1, 3, 0.6, 1.8, 7.079457843841373e-06, 0.001], "parameter_pressure": 0.001, "output_file_name": "wingDisc"}