{"parameter_model": [0, 2.6607250597988087e-08, 0, 0, 1.4962356560944327e-05, 0, 0, 0.0003890451449942805, 0, 0, 0, 0.1, 0.1, 10, 0.1, 0.1, 0.1, 9.332543007969905, 0.0004466835921509635, 0.00014791083881682073, 0.001, 0.001, 1, 1, 0.6, 0.6, 0.6, 0.6, 0.2, 0.1, 3, 0.6, 1.8, 0.0005128613839913648, 0.001], "parameter_pressure": 0.001, "output_file_name": "wingDisc"}