{"parameter_model": [0, 0.0008912509381337459, 0, 0, 3.5481338923357534e-05, 0, 0, 1.995262314968883e-05, 0, 0, 0, 0.1, 0.1, 10, 0.1, 0.1, 0.1, 1.1481536214968817e-05, 0.00010471285480508996, 3.467368504525317e-05, 0.001, 0.001, 1, 1, 0.6, 0.6, 0.6, 0.6, 0.2, 0.1, 3, 0.6, 1.8, 9.549925860214369e-07, 0.001], "parameter_pressure": 0.001, "output_file_name": "wingDisc"}