{"parameter_model": [0, 7.498942093324558e-06, 0, 0, 0.0001333521432163324, 0, 0, 6.165950018614822e-06, 0, 0, 0, 0.1, 0.1, 10, 0.1, 0.1, 0.1, 1.1748975549395304, 3.5481338923357604, 0.0023442288153199225, 0.001, 0.001, 1, 1, 0.6, 0.6, 0.6, 0.6, 0.2, 0.1, 3, 0.6, 1.8, 0.008128305161640995, 0.001], "parameter_pressure": 0.001, "output_file_name": "wingDisc"}