{"parameter_model": [0, 0.00033496543915782794, 0, 0, 2.985382618917957e-08, 0, 0, 0.003090295432513592, 0, 0, 0, 0.1, 0.1, 10, 0.1, 0.1, 0.1, 0.03715352290971724, 0.00019498445997580456, 0.00033884415613920273, 0.001, 0.001, 1, 1, 0.6, 0.6, 0.6, 0.6, 0.2, 0.1, 3, 0.6, 1.8, 0.0001288249551693135, 0.001], "parameter_pressure": 0.001, "output_file_name": "wingDisc"}