{"parameter_model": [0, 3.548133892335753e-08, 0, 0, 3.548133892335753e-08, 0, 0, 0.00031622776601683794, 0, 0, 0, 0.1, 0.1, 10, 0.1, 0.1, 0.1, 2.8840315031266055, 0.0007244359600749898, 0.41686938347033553, 0.001, 0.001, 1, 1, 0.6, 0.6, 0.6, 0.6, 0.2, 0.1, 3, 0.6, 1.8, 3.467368504525317e-05, 0.001], "parameter_pressure": 0.001, "output_file_name": "wingDisc"}