{"parameter_model": [0, 3.7583740428844434e-06, 0, 0, 0.0008413951416451947, 0, 0, 1.071519305237607e-05, 0, 0, 0, 0.1, 0.1, 10, 0.1, 0.1, 0.1, 1.3489628825916533, 0.0070794578438413735, 0.11220184543019653, 0.001, 0.001, 1, 1, 0.6, 0.6, 0.6, 0.6, 0.2, 0.1, 3, 0.6, 1.8, 8.912509381337459e-07, 0.001], "parameter_pressure": 0.001, "output_file_name": "wingDisc"}