{"parameter_model": [0, 1.0592537251772898e-06, 0, 0, 2.3713737056616554e-05, 0, 0, 0.009332543007969905, 0, 0, 0, 0.1, 0.1, 10, 0.1, 0.1, 0.1, 0.004677351412871981, 0.07413102413009177, 0.1479108388168207, 0.001, 0.001, 1, 1, 0.6, 0.6, 0.6, 0.6, 0.2, 0.1, 3, 0.6, 1.8, 1.8620871366628695e-05, 0.001], "parameter_pressure": 0.001, "output_file_name": "wingDisc"}