{"parameter_model": [0, 0.00021134890398366476, 0, 0, 0.0006683439175686149, 0, 0, 4.073802778041122e-06, 0, 0, 0, 0.1, 0.1, 10, 0.1, 0.1, 0.1, 0.008128305161640995, 0.5128613839913648, 0.22387211385683378, 0.001, 0.001, 1, 1, 0.6, 0.6, 0.6, 0.6, 0.2, 0.1, 3, 0.6, 1.8, 4.677351412871981e-06, 0.001], "parameter_pressure": 0.001, "output_file_name": "wingDisc"}