{"parameter_model": [0, 0.0001333521432163324, 0, 0, 2.1134890398366478e-07, 0, 0, 1.778279410038923e-06, 0, 0, 0, 0.1, 0.1, 10, 0.1, 0.1, 0.1, 0.01071519305237607, 4.07380277804113, 0.5888436553555896, 0.001, 0.001, 1, 1, 0.6, 0.6, 0.6, 0.6, 0.2, 0.1, 3, 0.6, 1.8, 3.235936569296281e-08, 0.001], "parameter_pressure": 0.001, "output_file_name": "wingDisc"}