{"parameter_model": [0, 7.079457843841373e-08, 0, 0, 0.00022387211385683378, 0, 0, 7.943282347242822e-05, 0, 0, 0, 0.1, 0.1, 10, 0.1, 0.1, 0.1, 0.04570881896148752, 0.006606934480075957, 0.0009549925860214359, 0.001, 0.001, 1, 1, 0.6, 0.6, 0.6, 0.6, 0.2, 0.1, 3, 0.6, 1.8, 7.943282347242822e-05, 0.001], "parameter_pressure": 0.001, "output_file_name": "wingDisc"}