{"parameter_model": [0, 2.371373705661655e-08, 0, 0, 4.731512589614803e-05, 0, 0, 3.548133892335753e-06, 0, 0, 0, 0.1, 0.1, 10, 0.1, 0.1, 0.1, 0.00014791083881682073, 0.0162181009735893, 0.0002951209226666384, 0.001, 0.001, 1, 1, 0.6, 0.6, 0.6, 0.6, 0.2, 0.1, 3, 0.6, 1.8, 2.1379620895022323e-05, 0.001], "parameter_pressure": 0.001, "output_file_name": "wingDisc"}