{"parameter_model": [0, 2.2387211385683376e-06, 0, 0, 1.778279410038923e-05, 0, 0, 1.1481536214968841e-05, 0, 0, 0, 0.1, 0.1, 10, 0.1, 0.1, 0.1, 0.239883291901949, 0.000239883291901949, 1.5135612484362071e-05, 0.001, 0.001, 1, 1, 0.6, 0.6, 0.6, 0.6, 0.2, 0.1, 3, 0.6, 1.8, 0.00010471285480509007, 0.001], "parameter_pressure": 0.001, "output_file_name": "wingDisc"}