{"parameter_model": [0, 8.413951416451947e-08, 0, 0, 1.883649089489802e-07, 0, 0, 9.332543007969906e-06, 0, 0, 0, 0.1, 0.1, 10, 0.1, 0.1, 0.1, 0.6760829753919819, 2.041737944669532, 0.04265795188015926, 0.001, 0.001, 1, 1, 0.6, 0.6, 0.6, 0.6, 0.2, 0.1, 3, 0.6, 1.8, 0.0004466835921509635, 0.001], "parameter_pressure": 0.001, "output_file_name": "wingDisc"}