{"parameter_model": [0, 4.4668359215096346e-08, 0, 0, 0.0005623413251903491, 0, 0, 1.6595869074375596e-06, 0, 0, 0, 0.1, 0.1, 10, 0.1, 0.1, 0.1, 0.7244359600749906, 4.5708818961487516e-05, 0.239883291901949, 0.001, 0.001, 1, 1, 0.6, 0.6, 0.6, 0.6, 0.2, 0.1, 3, 0.6, 1.8, 1.3803842646028865e-07, 0.001], "parameter_pressure": 0.001, "output_file_name": "wingDisc"}