{"parameter_model": [0, 1.188502227437019e-08, 0, 0, 2.985382618917963e-05, 0, 0, 3.235936569296281e-08, 0, 0, 0, 0.1, 0.1, 10, 0.1, 0.1, 0.1, 0.024547089156850336, 0.4466835921509635, 0.0006760829753919819, 0.001, 0.001, 1, 1, 0.6, 0.6, 0.6, 0.6, 0.2, 0.1, 3, 0.6, 1.8, 6.165950018614822e-06, 0.001], "parameter_pressure": 0.001, "output_file_name": "wingDisc"}