{"parameter_model": [0, 1.4125375446227555e-07, 0, 0, 3.548133892335753e-06, 0, 0, 0.0007244359600749906, 0, 0, 0, 0.1, 0.1, 10, 0.1, 0.1, 0.1, 0.00031622776601683794, 1.6595869074375598, 0.18197008586099825, 0.001, 0.001, 1, 1, 0.6, 0.6, 0.6, 0.6, 0.2, 0.1, 3, 0.6, 1.8, 2.884031503126606e-06, 0.001], "parameter_pressure": 0.001, "output_file_name": "wingDisc"}