{"parameter_model": [0, 1.4962356560944328e-07, 0, 0, 2.9853826189179574e-07, 0, 0, 1.6982436524617461e-07, 0, 0, 0, 0.1, 0.1, 10, 0.1, 0.1, 0.1, 0.0005128613839913648, 2.344228815319923, 0.028183829312644522, 0.001, 0.001, 1, 1, 0.6, 0.6, 0.6, 0.6, 0.2, 0.1, 3, 0.6, 1.8, 0.0003890451449942805, 0.001], "parameter_pressure": 0.001, "output_file_name": "wingDisc"}