{"parameter_model": [0, 8.413951416451948e-07, 0, 0, 5.308844442309879e-05, 0, 0, 1.62181009735893e-05, 0, 0, 0, 0.1, 0.1, 10, 0.1, 0.1, 0.1, 0.0070794578438413735, 0.2951209226666384, 4.677351412871981, 0.001, 0.001, 1, 1, 0.6, 0.6, 0.6, 0.6, 0.2, 0.1, 3, 0.6, 1.8, 5.6234132519034905e-08, 0.001], "parameter_pressure": 0.001, "output_file_name": "wingDisc"}