{"parameter_model": [0, 0.000125, 0, 0, 0.0003250000000000001, 0, 0, 0.00875, 0, 0, 0, 0.1, 0.1, 10, 0.1, 0.1, 0.1, 6.250000375000001, 1.250000875, 2.250000775, 0.001, 0.001, 1, 1, 0.6, 0.6, 0.6, 0.6, 0.2, 0.1, 3, 0.6, 1.8, 0.009750000000000002, 0.001], "parameter_pressure": 0.001, "output_file_name": "wingDisc"}