{"parameter_model": [0, 2.2387211385683378e-08, 0, 0, 7.079457843841374e-07, 0, 0, 1.0471285480508985e-07, 0, 0, 0, 0.1, 0.1, 10, 0.1, 0.1, 0.1, 5.011872336272715, 0.0038018939632056127, 0.13803842646028866, 0.001, 0.001, 1, 1, 0.6, 0.6, 0.6, 0.6, 0.2, 0.1, 3, 0.6, 1.8, 0.0016595869074375598, 0.001], "parameter_pressure": 0.001, "output_file_name": "wingDisc"}