{"parameter_model": [0, 0.000625, 0, 0, 0.00017500000000000003, 0, 0, 0.0022500000000000003, 0, 0, 0, 0.1, 0.1, 10, 0.1, 0.1, 0.1, 8.750000125, 5.750000425000001, 5.250000475000001, 0.001, 0.001, 1, 1, 0.6, 0.6, 0.6, 0.6, 0.2, 0.1, 3, 0.6, 1.8, 0.00875, 0.001], "parameter_pressure": 0.001, "output_file_name": "wingDisc"}