{"parameter_model": [0, 0.0003758374042884443, 0, 0, 1.496235656094433e-08, 0, 0, 8.511380382023759e-08, 0, 0, 0, 0.1, 0.1, 10, 0.1, 0.1, 0.1, 0.028183829312644522, 0.0010232929922807546, 4.07380277804113, 0.001, 0.001, 1, 1, 0.6, 0.6, 0.6, 0.6, 0.2, 0.1, 3, 0.6, 1.8, 3.715352290971728e-05, 0.001], "parameter_pressure": 0.001, "output_file_name": "wingDisc"}