{"parameter_model": [0, 3.5481338923357534e-05, 0, 0, 0.00014125375446227554, 0, 0, 0.00018197008586099826, 0, 0, 0, 0.1, 0.1, 10, 0.1, 0.1, 0.1, 3.467368504525317e-05, 0.41686938347033553, 0.000239883291901949, 0.001, 0.001, 1, 1, 0.6, 0.6, 0.6, 0.6, 0.2, 0.1, 3, 0.6, 1.8, 2.6302679918953814e-08, 0.001], "parameter_pressure": 0.001, "output_file_name": "wingDisc"}