{"parameter_model": [0, 8.912509381337459e-07, 0, 0, 0.0003548133892335753, 0, 0, 1.5135612484362071e-05, 0, 0, 0, 0.1, 0.1, 10, 0.1, 0.1, 0.1, 0.07943282347242822, 0.002187761623949552, 1.2589254117941662, 0.001, 0.001, 1, 1, 0.6, 0.6, 0.6, 0.6, 0.2, 0.1, 3, 0.6, 1.8, 1.0471285480508985e-07, 0.001], "parameter_pressure": 0.001, "output_file_name": "wingDisc"}