{"parameter_model": [0, 2.660725059798814e-05, 0, 0, 1.883649089489802e-06, 0, 0, 0.0006760829753919819, 0, 0, 0, 0.1, 0.1, 10, 0.1, 0.1, 0.1, 0.0011748975549395304, 0.04897788193684462, 9.332543007969905, 0.001, 0.001, 1, 1, 0.6, 0.6, 0.6, 0.6, 0.2, 0.1, 3, 0.6, 1.8, 4.466835921509635e-07, 0.001], "parameter_pressure": 0.001, "output_file_name": "wingDisc"}