{"parameter_model": [0, 1.333521432163324e-07, 0, 0, 0.0001883649089489802, 0, 0, 1.4125375446227554e-08, 0, 0, 0, 0.1, 0.1, 10, 0.1, 0.1, 0.1, 2.691534803926914, 3.235936569296281e-05, 3.090295432513592, 0.001, 0.001, 1, 1, 0.6, 0.6, 0.6, 0.6, 0.2, 0.1, 3, 0.6, 1.8, 1.778279410038923e-06, 0.001], "parameter_pressure": 0.001, "output_file_name": "wingDisc"}