{"parameter_model": [0, 1.6788040181225588e-07, 0, 0, 0.00021134890398366476, 0, 0, 0.006165950018614822, 0, 0, 0, 0.1, 0.1, 10, 0.1, 0.1, 0.1, 0.014125375446227554, 9.332543007969905, 0.1698243652461746, 0.001, 0.001, 1, 1, 0.6, 0.6, 0.6, 0.6, 0.2, 0.1, 3, 0.6, 1.8, 6.760829753919819e-07, 0.001], "parameter_pressure": 0.001, "output_file_name": "wingDisc"}