{"parameter_model": [0, 2.1134890398366478e-07, 0, 0, 5.3088444423098795e-08, 0, 0, 8.128305161640995e-06, 0, 0, 0, 0.1, 0.1, 10, 0.1, 0.1, 0.1, 0.5888436553555896, 0.003090295432513592, 0.0162181009735893, 0.001, 0.001, 1, 1, 0.6, 0.6, 0.6, 0.6, 0.2, 0.1, 3, 0.6, 1.8, 9.772372209558111e-05, 0.001], "parameter_pressure": 0.001, "output_file_name": "wingDisc"}