{"parameter_model": [0, 1.883649089489802e-06, 0, 0, 1.4962356560944328e-07, 0, 0, 4.466835921509635e-07, 0, 0, 0, 0.1, 0.1, 10, 0.1, 0.1, 0.1, 0.04265795188015926, 0.0026915348039269166, 2.4547089156850286e-05, 0.001, 0.001, 1, 1, 0.6, 0.6, 0.6, 0.6, 0.2, 0.1, 3, 0.6, 1.8, 1.5488166189124796e-06, 0.001], "parameter_pressure": 0.001, "output_file_name": "wingDisc"}