{"parameter_model": [0, 1.4962356560944327e-05, 0, 0, 1.6788040181225588e-05, 0, 0, 1.1748975549395304e-06, 0, 0, 0, 0.1, 0.1, 10, 0.1, 0.1, 0.1, 0.1698243652461746, 0.11220184543019653, 1.230268770812381e-05, 0.001, 0.001, 1, 1, 0.6, 0.6, 0.6, 0.6, 0.2, 0.1, 3, 0.6, 1.8, 2.951209226666384e-07, 0.001], "parameter_pressure": 0.001, "output_file_name": "wingDisc"}