{"parameter_model": [0, 0.000925, 0, 0, 0.000275, 0, 0, 0.007250000000000001, 0, 0, 0, 0.1, 0.1, 10, 0.1, 0.1, 0.1, 7.250000275000001, 4.2500005750000005, 7.750000225000001, 0.001, 0.001, 1, 1, 0.6, 0.6, 0.6, 0.6, 0.2, 0.1, 3, 0.6, 1.8, 0.00525, 0.001], "parameter_pressure": 0.001, "output_file_name": "wingDisc"}