{"parameter_model": [0, 0.000595662143529011, 0, 0, 3.3496543915782793e-07, 0, 0, 0.00033884415613920273, 0, 0, 0, 0.1, 0.1, 10, 0.1, 0.1, 0.1, 1.0232929922807537, 0.03715352290971724, 0.00012882495516931337, 0.001, 0.001, 1, 1, 0.6, 0.6, 0.6, 0.6, 0.2, 0.1, 3, 0.6, 1.8, 0.003090295432513592, 0.001], "parameter_pressure": 0.001, "output_file_name": "wingDisc"}