{"parameter_model": [0, 2.660725059798814e-07, 0, 0, 5.308844442309879e-07, 0, 0, 7.413102413009177e-08, 0, 0, 0, 0.1, 0.1, 10, 0.1, 0.1, 0.1, 1.071519305237607e-05, 0.06456542290346556, 2.818382931264455e-05, 0.001, 0.001, 1, 1, 0.6, 0.6, 0.6, 0.6, 0.2, 0.1, 3, 0.6, 1.8, 2.6915348039269138e-06, 0.001], "parameter_pressure": 0.001, "output_file_name": "wingDisc"}