{"parameter_model": [0, 2.1134890398366476e-05, 0, 0, 4.2169650342858225e-07, 0, 0, 1.2882495516931322e-07, 0, 0, 0, 0.1, 0.1, 10, 0.1, 0.1, 0.1, 5.623413251903491e-05, 0.0008912509381337459, 0.2951209226666384, 0.001, 0.001, 1, 1, 0.6, 0.6, 0.6, 0.6, 0.2, 0.1, 3, 0.6, 1.8, 0.009332543007969905, 0.001], "parameter_pressure": 0.001, "output_file_name": "wingDisc"}