{"parameter_model": [0, 0.00029853826189179573, 0, 0, 2.1134890398366476e-05, 0, 0, 2.1379620895022325e-08, 0, 0, 0, 0.1, 0.1, 10, 0.1, 0.1, 0.1, 1.62181009735893e-05, 0.028183829312644522, 0.03235936569296281, 0.001, 0.001, 1, 1, 0.6, 0.6, 0.6, 0.6, 0.2, 0.1, 3, 0.6, 1.8, 1.62181009735893e-05, 0.001], "parameter_pressure": 0.001, "output_file_name": "wingDisc"}