{"parameter_model": [0, 2.3713737056616554e-07, 0, 0, 9.440608762859226e-07, 0, 0, 3.090295432513592e-06, 0, 0, 0, 0.1, 0.1, 10, 0.1, 0.1, 0.1, 0.0004466835921509635, 0.0002570395782768865, 0.09772372209558111, 0.001, 0.001, 1, 1, 0.6, 0.6, 0.6, 0.6, 0.2, 0.1, 3, 0.6, 1.8, 0.00014791083881682073, 0.001], "parameter_pressure": 0.001, "output_file_name": "wingDisc"}