{"parameter_model": [0, 2.9853826189179574e-07, 0, 0, 1.6788040181225588e-08, 0, 0, 0.0002570395782768865, 0, 0, 0, 0.1, 0.1, 10, 0.1, 0.1, 0.1, 4.265795188015926e-05, 1.230268770812381e-05, 0.006165950018614822, 0.001, 0.001, 1, 1, 0.6, 0.6, 0.6, 0.6, 0.2, 0.1, 3, 0.6, 1.8, 1.071519305237607e-05, 0.001], "parameter_pressure": 0.001, "output_file_name": "wingDisc"}