{"parameter_model": [0, 3.548133892335753e-06, 0, 0, 8.912509381337459e-08, 0, 0, 5.011872336272725e-06, 0, 0, 0, 0.1, 0.1, 10, 0.1, 0.1, 0.1, 0.06025595860743581, 1.1481536214968817e-05, 1.6595869074375598, 0.001, 0.001, 1, 1, 0.6, 0.6, 0.6, 0.6, 0.2, 0.1, 3, 0.6, 1.8, 5.011872336272725e-06, 0.001], "parameter_pressure": 0.001, "output_file_name": "wingDisc"}