{"parameter_model": [0, 9.440608762859226e-08, 0, 0, 3.758374042884436e-05, 0, 0, 0.0001698243652461746, 0, 0, 0, 0.1, 0.1, 10, 0.1, 0.1, 0.1, 2.344228815319923, 0.005370317963702527, 0.6760829753919819, 0.001, 0.001, 1, 1, 0.6, 0.6, 0.6, 0.6, 0.2, 0.1, 3, 0.6, 1.8, 0.00019498445997580456, 0.001], "parameter_pressure": 0.001, "output_file_name": "wingDisc"}