{"parameter_model": [0, 0.0003548133892335753, 0, 0, 2.2387211385683377e-07, 0, 0, 0.0009549925860214369, 0, 0, 0, 0.1, 0.1, 10, 0.1, 0.1, 0.1, 0.0012589254117941662, 1.9952623149688786e-05, 0.9549925860214369, 0.001, 0.001, 1, 1, 0.6, 0.6, 0.6, 0.6, 0.2, 0.1, 3, 0.6, 1.8, 0.0012589254117941662, 0.001], "parameter_pressure": 0.001, "output_file_name": "wingDisc"}