{"parameter_model": [0, 2.818382931264455e-08, 0, 0, 8.912509381337459e-05, 0, 0, 0.0016595869074375598, 0, 0, 0, 0.1, 0.1, 10, 0.1, 0.1, 0.1, 0.006606934480075957, 6.0255958607435806e-05, 7.943282347242822e-05, 0.001, 0.001, 1, 1, 0.6, 0.6, 0.6, 0.6, 0.2, 0.1, 3, 0.6, 1.8, 7.943282347242822e-08, 0.001], "parameter_pressure": 0.001, "output_file_name": "wingDisc"}