{"parameter_model": [0, 3.7583740428844433e-07, 0, 0, 3.7583740428844434e-08, 0, 0, 1.3489628825916533e-06, 0, 0, 0, 0.1, 0.1, 10, 0.1, 0.1, 0.1, 0.19498445997580455, 0.5888436553555896, 5.370317963702533, 0.001, 0.001, 1, 1, 0.6, 0.6, 0.6, 0.6, 0.2, 0.1, 3, 0.6, 1.8, 4.897788193684456e-05, 0.001], "parameter_pressure": 0.001, "output_file_name": "wingDisc"}