{"parameter_model": [0, 0.0004466835921509635, 0, 0, 5.62341325190349e-07, 0, 0, 2.6302679918953814e-08, 0, 0, 0, 0.1, 0.1, 10, 0.1, 0.1, 0.1, 0.00018197008586099845, 0.7244359600749906, 0.008709635899560805, 0.001, 0.001, 1, 1, 0.6, 0.6, 0.6, 0.6, 0.2, 0.1, 3, 0.6, 1.8, 8.709635899560797e-06, 0.001], "parameter_pressure": 0.001, "output_file_name": "wingDisc"}