{"parameter_model": [0, 1.333521432163324e-08, 0, 0, 1.188502227437019e-08, 0, 0, 1.8620871366628695e-05, 0, 0, 0, 0.1, 0.1, 10, 0.1, 0.1, 0.1, 0.0162181009735893, 0.014125375446227554, 6.456542290346563e-05, 0.001, 0.001, 1, 1, 0.6, 0.6, 0.6, 0.6, 0.2, 0.1, 3, 0.6, 1.8, 0.00022387211385683378, 0.001], "parameter_pressure": 0.001, "output_file_name": "wingDisc"}