{"parameter_model": [0, 1.883649089489802e-05, 0, 0, 6.683439175686149e-06, 0, 0, 1.071519305237607e-08, 0, 0, 0, 0.1, 0.1, 10, 0.1, 0.1, 0.1, 0.08511380382023767, 0.1288249551693135, 0.0015488166189124811, 0.001, 0.001, 1, 1, 0.6, 0.6, 0.6, 0.6, 0.2, 0.1, 3, 0.6, 1.8, 0.0006760829753919819, 0.001], "parameter_pressure": 0.001, "output_file_name": "wingDisc"}