{"parameter_model": [0, 3.162277660168379e-08, 0, 0, 3.162277660168379e-08, 0, 0, 1e-05, 0, 0, 0, 0.1, 0.1, 10, 0.1, 0.1, 0.1, 0.01, 3.9810717055349695e-05, 0.01, 0.001, 0.001, 1, 1, 0.6, 0.6, 0.6, 0.6, 0.2, 0.1, 3, 0.6, 1.8, 0.002511886431509582, 0.001], "parameter_pressure": 0.001, "output_file_name": "wingDisc"}