{"parameter_model": [0, 1.122018454301963e-08, 0, 0, 7.079457843841373e-08, 0, 0, 4.5708818961487516e-05, 0, 0, 0, 0.1, 0.1, 10, 0.1, 0.1, 0.1, 0.002187761623949552, 0.026302679918953843, 4.5708818961487516e-05, 0.001, 0.001, 1, 1, 0.6, 0.6, 0.6, 0.6, 0.2, 0.1, 3, 0.6, 1.8, 2.39883291901949e-07, 0.001], "parameter_pressure": 0.001, "output_file_name": "wingDisc"}