{"parameter_model": [0, 0.0003250000000000001, 0, 0, 0.0009750000000000001, 0, 0, 0.00525, 0, 0, 0, 0.1, 0.1, 10, 0.1, 0.1, 0.1, 2.250000775, 2.7500007250000005, 6.250000375000001, 0.001, 0.001, 1, 1, 0.6, 0.6, 0.6, 0.6, 0.2, 0.1, 3, 0.6, 1.8, 0.007750000000000001, 0.001], "parameter_pressure": 0.001, "output_file_name": "wingDisc"}