{"parameter_model": [0, 0.00010592537251772897, 0, 0, 3.7583740428844433e-07, 0, 0, 3.235936569296281e-05, 0, 0, 0, 0.1, 0.1, 10, 0.1, 0.1, 0.1, 0.0007762471166286919, 9.772372209558111e-05, 0.3890451449942805, 0.001, 0.001, 1, 1, 0.6, 0.6, 0.6, 0.6, 0.2, 0.1, 3, 0.6, 1.8, 4.073802778041122e-06, 0.001], "parameter_pressure": 0.001, "output_file_name": "wingDisc"}