{"parameter_model": [0, 7.498942093324559e-05, 0, 0, 2.660725059798814e-05, 0, 0, 4.265795188015925e-08, 0, 0, 0, 0.1, 0.1, 10, 0.1, 0.1, 0.1, 0.005370317963702527, 0.0005888436553555889, 0.005370317963702527, 0.001, 0.001, 1, 1, 0.6, 0.6, 0.6, 0.6, 0.2, 0.1, 3, 0.6, 1.8, 0.00011220184543019653, 0.001], "parameter_pressure": 0.001, "output_file_name": "wingDisc"}