{"parameter_model": [0, 0.0007250000000000001, 0, 0, 0.0008250000000000001, 0, 0, 0.009250000000000001, 0, 0, 0, 0.1, 0.1, 10, 0.1, 0.1, 0.1, 0.7500009250000002, 7.750000225000001, 2.7500007250000005, 0.001, 0.001, 1, 1, 0.6, 0.6, 0.6, 0.6, 0.2, 0.1, 3, 0.6, 1.8, 0.0027500000000000003, 0.001], "parameter_pressure": 0.001, "output_file_name": "wingDisc"}