{"parameter_model": [0, 0.0001, 0, 0, 0, 0, 0, 0.001, 0, 0, 0, 0.1, 0.1, 10, 0.1, 0.1, 0.1, 0.0006309573444801936, 0.15848931924611143, 2.5118864315095824, 0.001, 0.001, 1, 1, 0.6, 0.6, 0.6, 0.6, 0.1761976046411629, 0.08590135215053957, 1.972422736114854, 0.6, 1.8, 6.309573444801942e-07, 0.001], "parameter_pressure": 0.001, "output_file_name": "wingDisc"}