{"parameter_model": [0, 4.466835921509635e-05, 0, 0, 0.0002818382931264455, 0, 0, 0.0028840315031266055, 0, 0, 0, 0.1, 0.1, 10, 0.1, 0.1, 0.1, 0.008709635899560805, 0.005011872336272725, 6.606934480075965, 0.001, 0.001, 1, 1, 0.6, 0.6, 0.6, 0.6, 0.2, 0.1, 3, 0.6, 1.8, 3.4673685045253164e-08, 0.001], "parameter_pressure": 0.001, "output_file_name": "wingDisc"}