{"parameter_model": [0, 7.500000000000001e-05, 0, 0, 0.000675, 0, 0, 0.00825, 0, 0, 0, 0.1, 0.1, 10, 0.1, 0.1, 0.1, 8.250000175, 3.2500006750000012, 8.750000125, 0.001, 0.001, 1, 1, 0.6, 0.6, 0.6, 0.6, 0.2, 0.1, 3, 0.6, 1.8, 0.0007500000000000001, 0.001], "parameter_pressure": 0.001, "output_file_name": "wingDisc"}