{"parameter_model": [0, 5.956621435290109e-06, 0, 0, 2.3713737056616552e-06, 0, 0, 1.2302687708123811e-08, 0, 0, 0, 0.1, 0.1, 10, 0.1, 0.1, 0.1, 3.715352290971728e-05, 0.0005128613839913648, 1.071519305237607e-05, 0.001, 0.001, 1, 1, 0.6, 0.6, 0.6, 0.6, 0.2, 0.1, 3, 0.6, 1.8, 5.128613839913648e-07, 0.001], "parameter_pressure": 0.001, "output_file_name": "wingDisc"}