{"parameter_model": [0, 5.6234132519034905e-08, 0, 0, 4.466835921509635e-05, 0, 0, 1.5135612484362072e-08, 0, 0, 0, 0.1, 0.1, 10, 0.1, 0.1, 0.1, 0.00013803842646028852, 0.034673685045253165, 0.002187761623949552, 0.001, 0.001, 1, 1, 0.6, 0.6, 0.6, 0.6, 0.2, 0.1, 3, 0.6, 1.8, 4.570881896148752e-08, 0.001], "parameter_pressure": 0.001, "output_file_name": "wingDisc"}