{"parameter_model": [0, 2.818382931264455e-05, 0, 0, 0.00017782794100389227, 0, 0, 6.025595860743581e-08, 0, 0, 0, 0.1, 0.1, 10, 0.1, 0.1, 0.1, 2.6302679918953814e-05, 0.13803842646028866, 2.6302679918953814e-05, 0.001, 0.001, 1, 1, 0.6, 0.6, 0.6, 0.6, 0.2, 0.1, 3, 0.6, 1.8, 4.168693834703355e-07, 0.001], "parameter_pressure": 0.001, "output_file_name": "wingDisc"}