{"parameter_model": [0, 2.113489039836648e-06, 0, 0, 1.0592537251772897e-05, 0, 0, 3.890451449942805e-07, 0, 0, 0, 0.1, 0.1, 10, 0.1, 0.1, 0.1, 1.5488166189124797, 0.0002951209226666384, 2.691534803926914, 0.001, 0.001, 1, 1, 0.6, 0.6, 0.6, 0.6, 0.2, 0.1, 3, 0.6, 1.8, 2.3442288153199226e-06, 0.001], "parameter_pressure": 0.001, "output_file_name": "wingDisc"}