{"parameter_model": [0, 2.818382931264455e-06, 0, 0, 5.6234132519034905e-08, 0, 0, 0.0012589254117941662, 0, 0, 0, 0.1, 0.1, 10, 0.1, 0.1, 0.1, 0.5495408738576248, 1.5135612484362071e-05, 0.026302679918953843, 0.001, 0.001, 1, 1, 0.6, 0.6, 0.6, 0.6, 0.2, 0.1, 3, 0.6, 1.8, 0.0038018939632056127, 0.001], "parameter_pressure": 0.001, "output_file_name": "wingDisc"}