{"parameter_model": [0, 0.00017500000000000003, 0, 0, 0.000925, 0, 0, 0.00025, 0, 0, 0, 0.1, 0.1, 10, 0.1, 0.1, 0.1, 9.750000025, 0.250000975, 4.750000525, 0.001, 0.001, 1, 1, 0.6, 0.6, 0.6, 0.6, 0.2, 0.1, 3, 0.6, 1.8, 0.009250000000000001, 0.001], "parameter_pressure": 0.001, "output_file_name": "wingDisc"}