{"parameter_model": [0, 1.4125375446227555e-05, 0, 0, 2.818382931264455e-06, 0, 0, 2.6302679918953814e-05, 0, 0, 0, 0.1, 0.1, 10, 0.1, 0.1, 0.1, 0.0016595869074375598, 0.0004168693834703355, 0.005011872336272725, 0.001, 0.001, 1, 1, 0.6, 0.6, 0.6, 0.6, 0.2, 0.1, 3, 0.6, 1.8, 1.2589254117941661e-06, 0.001], "parameter_pressure": 0.001, "output_file_name": "wingDisc"}