{"parameter_model": [0, 1.7782794100389227e-07, 0, 0, 5.623413251903491e-06, 0, 0, 1.9952623149688786e-08, 0, 0, 0, 0.1, 0.1, 10, 0.1, 0.1, 0.1, 0.18197008586099825, 6.606934480075965, 0.015135612484362087, 0.001, 0.001, 1, 1, 0.6, 0.6, 0.6, 0.6, 0.2, 0.1, 3, 0.6, 1.8, 0.00013803842646028865, 0.001], "parameter_pressure": 0.001, "output_file_name": "wingDisc"}