{"parameter_model": [0, 1.6788040181225588e-08, 0, 0, 3.3496543915782794e-05, 0, 0, 0.0023442288153199225, 0, 0, 0, 0.1, 0.1, 10, 0.1, 0.1, 0.1, 0.2951209226666384, 0.004677351412871981, 0.018620871366628693, 0.001, 0.001, 1, 1, 0.6, 0.6, 0.6, 0.6, 0.2, 0.1, 3, 0.6, 1.8, 3.090295432513592e-06, 0.001], "parameter_pressure": 0.001, "output_file_name": "wingDisc"}