{"parameter_model": [0, 0.0001, 0, 0, 0, 0, 0, 0.001, 0, 0, 0, 0.1, 0.1, 10, 0.1, 0.1, 0.1, 0.15848931924611143, 0.01, 0.0006309573444801936, 0.001, 0.001, 1, 1, 0.6, 0.6, 0.6, 0.6, 0.12302687708123815, 0.12302687708123815, 2.9174270140011678, 0.6, 1.8, 1e-05, 0.001], "parameter_pressure": 0.001, "output_file_name": "wingDisc"}