{"parameter_model": [0, 0.00022387211385683378, 0, 0, 2.238721138568338e-05, 0, 0, 0.00013803842646028865, 0, 0, 0, 0.1, 0.1, 10, 0.1, 0.1, 0.1, 0.026302679918953843, 2.6302679918953814e-05, 0.00013803842646028852, 0.001, 0.001, 1, 1, 0.6, 0.6, 0.6, 0.6, 0.2, 0.1, 3, 0.6, 1.8, 6.0255958607435806e-05, 0.001], "parameter_pressure": 0.001, "output_file_name": "wingDisc"}