{"parameter_model": [0, 0.0005623413251903491, 0, 0, 4.466835921509635e-06, 0, 0, 3.467368504525317e-05, 0, 0, 0, 0.1, 0.1, 10, 0.1, 0.1, 0.1, 0.0005495408738576248, 0.01995262314968881, 0.0028840315031266055, 0.001, 0.001, 1, 1, 0.6, 0.6, 0.6, 0.6, 0.2, 0.1, 3, 0.6, 1.8, 1.1481536214968841e-05, 0.001], "parameter_pressure": 0.001, "output_file_name": "wingDisc"}