{"parameter_model": [0, 0.00042169650342858224, 0, 0, 1.333521432163324e-06, 0, 0, 0.0002951209226666384, 0, 0, 0, 0.1, 0.1, 10, 0.1, 0.1, 0.1, 4.677351412871981, 1.7782794100389228, 0.0026915348039269166, 0.001, 0.001, 1, 1, 0.6, 0.6, 0.6, 0.6, 0.2, 0.1, 3, 0.6, 1.8, 0.0013489628825916532, 0.001], "parameter_pressure": 0.001, "output_file_name": "wingDisc"}