{"parameter_model": [0, 9.440608762859227e-05, 0, 0, 6.683439175686149e-07, 0, 0, 0.008128305161640995, 0, 0, 0, 0.1, 0.1, 10, 0.1, 0.1, 0.1, 8.51138038202376e-05, 0.1479108388168207, 5.623413251903491e-05, 0.001, 0.001, 1, 1, 0.6, 0.6, 0.6, 0.6, 0.2, 0.1, 3, 0.6, 1.8, 1.230268770812381e-05, 0.001], "parameter_pressure": 0.001, "output_file_name": "wingDisc"}