{"parameter_model": [0, 1.4125375446227554e-08, 0, 0, 8.91250938133744e-06, 0, 0, 0.0004168693834703355, 0, 0, 0, 0.1, 0.1, 10, 0.1, 0.1, 0.1, 1.2589254117941662, 0.00031622776601683794, 0.00018197008586099845, 0.001, 0.001, 1, 1, 0.6, 0.6, 0.6, 0.6, 0.2, 0.1, 3, 0.6, 1.8, 6.025595860743581e-08, 0.001], "parameter_pressure": 0.001, "output_file_name": "wingDisc"}