{"parameter_model": [0, 8.413951416451965e-05, 0, 0, 0.0009440608762859227, 0, 0, 5.6234132519034905e-08, 0, 0, 0, 0.1, 0.1, 10, 0.1, 0.1, 0.1, 0.1479108388168207, 0.006165950018614822, 7.079457843841373, 0.001, 0.001, 1, 1, 0.6, 0.6, 0.6, 0.6, 0.2, 0.1, 3, 0.6, 1.8, 7.413102413009176e-05, 0.001], "parameter_pressure": 0.001, "output_file_name": "wingDisc"}