{"parameter_model": [0, 1.4962356560944329e-06, 0, 0, 9.440608762859226e-08, 0, 0, 1.8620871366628656e-08, 0, 0, 0, 0.1, 0.1, 10, 0.1, 0.1, 0.1, 2.818382931264455e-05, 0.19498445997580455, 0.33884415613920277, 0.001, 0.001, 1, 1, 0.6, 0.6, 0.6, 0.6, 0.2, 0.1, 3, 0.6, 1.8, 2.2387211385683377e-07, 0.001], "parameter_pressure": 0.001, "output_file_name": "wingDisc"}