{"parameter_model": [0, 5.62341325190349e-07, 0, 0, 7.079457843841388e-06, 0, 0, 2.39883291901949e-07, 0, 0, 0, 0.1, 0.1, 10, 0.1, 0.1, 0.1, 0.000239883291901949, 0.0012589254117941662, 1.1481536214968817e-05, 0.001, 0.001, 1, 1, 0.6, 0.6, 0.6, 0.6, 0.2, 0.1, 3, 0.6, 1.8, 0.0005495408738576248, 0.001], "parameter_pressure": 0.001, "output_file_name": "wingDisc"}