{"parameter_model": [0, 2.3713737056616554e-05, 0, 0, 4.2169650342858225e-08, 0, 0, 0.0011748975549395304, 0, 0, 0, 0.1, 0.1, 10, 0.1, 0.1, 0.1, 2.1379620895022323e-05, 0.22387211385683378, 0.01071519305237607, 0.001, 0.001, 1, 1, 0.6, 0.6, 0.6, 0.6, 0.2, 0.1, 3, 0.6, 1.8, 8.511380382023759e-08, 0.001], "parameter_pressure": 0.001, "output_file_name": "wingDisc"}