{"parameter_model": [0, 3.3496543915782793e-07, 0, 0, 2.371373705661655e-08, 0, 0, 0.0005888436553555896, 0, 0, 0, 0.1, 0.1, 10, 0.1, 0.1, 0.1, 8.128305161640995, 0.3890451449942805, 1.8620871366628657e-05, 0.001, 0.001, 1, 1, 0.6, 0.6, 0.6, 0.6, 0.2, 0.1, 3, 0.6, 1.8, 6.456542290346562e-08, 0.001], "parameter_pressure": 0.001, "output_file_name": "wingDisc"}