{"parameter_model": [0, 1.333521432163324e-06, 0, 0, 2.9853826189179572e-06, 0, 0, 8.51138038202376e-05, 0, 0, 0, 0.1, 0.1, 10, 0.1, 0.1, 0.1, 9.772372209558111e-05, 0.01071519305237607, 0.0070794578438413735, 0.001, 0.001, 1, 1, 0.6, 0.6, 0.6, 0.6, 0.2, 0.1, 3, 0.6, 1.8, 0.00033884415613920273, 0.001], "parameter_pressure": 0.001, "output_file_name": "wingDisc"}