{"parameter_model": [0, 2.238721138568338e-05, 0, 0, 0.0004466835921509635, 0, 0, 3.801893963205613e-06, 0, 0, 0, 0.1, 0.1, 10, 0.1, 0.1, 0.1, 4.5708818961487516e-05, 0.5495408738576248, 0.0004168693834703355, 0.001, 0.001, 1, 1, 0.6, 0.6, 0.6, 0.6, 0.2, 0.1, 3, 0.6, 1.8, 1.9952623149688786e-08, 0.001], "parameter_pressure": 0.001, "output_file_name": "wingDisc"}