{"parameter_model": [0, 0.00011885022274370189, 0, 0, 3.7583740428844434e-06, 0, 0, 8.912509381337459e-07, 0, 0, 0, 0.1, 0.1, 10, 0.1, 0.1, 0.1, 0.0015488166189124811, 0.0023442288153199225, 0.004073802778041126, 0.001, 0.001, 1, 1, 0.6, 0.6, 0.6, 0.6, 0.2, 0.1, 3, 0.6, 1.8, 0.0015488166189124796, 0.001], "parameter_pressure": 0.001, "output_file_name": "wingDisc"}