{"parameter_model": [0, 0.00017782794100389227, 0, 0, 1.4125375446227554e-08, 0, 0, 6.0255958607435806e-05, 0, 0, 0, 0.1, 0.1, 10, 0.1, 0.1, 0.1, 0.10471285480509006, 5.011872336272715, 0.5495408738576248, 0.001, 0.001, 1, 1, 0.6, 0.6, 0.6, 0.6, 0.2, 0.1, 3, 0.6, 1.8, 2.6302679918953814e-05, 0.001], "parameter_pressure": 0.001, "output_file_name": "wingDisc"}