{"parameter_model": [0, 2.985382618917963e-05, 0, 0, 1.333521432163324e-07, 0, 0, 2.0417379446695316e-06, 0, 0, 0, 0.1, 0.1, 10, 0.1, 0.1, 0.1, 0.000223872113856834, 1.0232929922807537, 0.0007762471166286919, 0.001, 0.001, 1, 1, 0.6, 0.6, 0.6, 0.6, 0.2, 0.1, 3, 0.6, 1.8, 0.0005888436553555896, 0.001], "parameter_pressure": 0.001, "output_file_name": "wingDisc"}