{"parameter_model": [0, 2.5e-05, 0, 0, 0.0005750000000000001, 0, 0, 0.00425, 0, 0, 0, 0.1, 0.1, 10, 0.1, 0.1, 0.1, 4.750000525, 2.250000775, 1.7500008250000003, 0.001, 0.001, 1, 1, 0.6, 0.6, 0.6, 0.6, 0.2, 0.1, 3, 0.6, 1.8, 0.00025, 0.001], "parameter_pressure": 0.001, "output_file_name": "wingDisc"}