{"parameter_model": [0, 1.778279410038923e-06, 0, 0, 1.778279410038923e-06, 0, 0, 0.008709635899560796, 0, 0, 0, 0.1, 0.1, 10, 0.1, 0.1, 0.1, 0.0028840315031266055, 0.06025595860743581, 0.04570881896148752, 0.001, 0.001, 1, 1, 0.6, 0.6, 0.6, 0.6, 0.2, 0.1, 3, 0.6, 1.8, 0.002187761623949552, 0.001], "parameter_pressure": 0.001, "output_file_name": "wingDisc"}