{"parameter_model": [0, 0.000275, 0, 0, 0.0005250000000000001, 0, 0, 0.006750000000000001, 0, 0, 0, 0.1, 0.1, 10, 0.1, 0.1, 0.1, 2.7500007250000005, 9.750000025, 4.2500005750000005, 0.001, 0.001, 1, 1, 0.6, 0.6, 0.6, 0.6, 0.2, 0.1, 3, 0.6, 1.8, 0.00825, 0.001], "parameter_pressure": 0.001, "output_file_name": "wingDisc"}