{"parameter_model": [0, 8.912509381337459e-05, 0, 0, 1.122018454301963e-05, 0, 0, 4.168693834703355e-07, 0, 0, 0, 0.1, 0.1, 10, 0.1, 0.1, 0.1, 0.015135612484362087, 0.0016595869074375598, 0.01995262314968881, 0.001, 0.001, 1, 1, 0.6, 0.6, 0.6, 0.6, 0.2, 0.1, 3, 0.6, 1.8, 0.0007244359600749906, 0.001], "parameter_pressure": 0.001, "output_file_name": "wingDisc"}