{"parameter_model": [0, 5.308844442309879e-07, 0, 0, 1.1885022274370189e-06, 0, 0, 2.818382931264455e-08, 0, 0, 0, 0.1, 0.1, 10, 0.1, 0.1, 0.1, 0.00016982436524617443, 0.04265795188015926, 0.07413102413009177, 0.001, 0.001, 1, 1, 0.6, 0.6, 0.6, 0.6, 0.2, 0.1, 3, 0.6, 1.8, 1.6218100973589297e-08, 0.001], "parameter_pressure": 0.001, "output_file_name": "wingDisc"}