{"parameter_model": [0, 0.00022500000000000002, 0, 0, 0.000625, 0, 0, 0.007750000000000001, 0, 0, 0, 0.1, 0.1, 10, 0.1, 0.1, 0.1, 5.750000425000001, 7.250000275000001, 9.250000075, 0.001, 0.001, 1, 1, 0.6, 0.6, 0.6, 0.6, 0.2, 0.1, 3, 0.6, 1.8, 0.005750000000000001, 0.001], "parameter_pressure": 0.001, "output_file_name": "wingDisc"}