{"parameter_model": [0, 0.00047315125896148127, 0, 0, 1.0592537251772897e-07, 0, 0, 4.897788193684456e-05, 0, 0, 0, 0.1, 0.1, 10, 0.1, 0.1, 0.1, 3.235936569296281e-05, 0.05623413251903491, 1.4125375446227555e-05, 0.001, 0.001, 1, 1, 0.6, 0.6, 0.6, 0.6, 0.2, 0.1, 3, 0.6, 1.8, 1.122018454301963e-07, 0.001], "parameter_pressure": 0.001, "output_file_name": "wingDisc"}