{"parameter_model": [0, 4.2169650342858225e-07, 0, 0, 7.498942093324559e-05, 0, 0, 2.4547089156850336e-05, 0, 0, 0, 0.1, 0.1, 10, 0.1, 0.1, 0.1, 2.4547089156850286e-05, 8.51138038202376e-05, 0.0003890451449942805, 0.001, 0.001, 1, 1, 0.6, 0.6, 0.6, 0.6, 0.2, 0.1, 3, 0.6, 1.8, 1.4125375446227554e-08, 0.001], "parameter_pressure": 0.001, "output_file_name": "wingDisc"}