{"parameter_model": [0, 5.623413251903491e-05, 0, 0, 2.2387211385683376e-06, 0, 0, 6.606934480075964e-06, 0, 0, 0, 0.1, 0.1, 10, 0.1, 0.1, 0.1, 2.1877616239495516, 0.0005495408738576248, 8.709635899560796, 0.001, 0.001, 1, 1, 0.6, 0.6, 0.6, 0.6, 0.2, 0.1, 3, 0.6, 1.8, 3.801893963205613e-06, 0.001], "parameter_pressure": 0.001, "output_file_name": "wingDisc"}