{"parameter_model": [0, 0.0006683439175686149, 0, 0, 5.308844442309879e-06, 0, 0, 6.456542290346563e-05, 0, 0, 0, 0.1, 0.1, 10, 0.1, 0.1, 0.1, 1.230268770812381e-05, 3.715352290971728e-05, 1.1748975549395304, 0.001, 0.001, 1, 1, 0.6, 0.6, 0.6, 0.6, 0.2, 0.1, 3, 0.6, 1.8, 0.0020417379446695315, 0.001], "parameter_pressure": 0.001, "output_file_name": "wingDisc"}