{"parameter_model": [0, 1.1885022274370189e-06, 0, 0, 6.683439175686149e-08, 0, 0, 7.079457843841373e-06, 0, 0, 0, 0.1, 0.1, 10, 0.1, 0.1, 0.1, 0.3890451449942805, 0.0035481338923357532, 4.265795188015926e-05, 0.001, 0.001, 1, 1, 0.6, 0.6, 0.6, 0.6, 0.2, 0.1, 3, 0.6, 1.8, 1.479108388168207e-07, 0.001], "parameter_pressure": 0.001, "output_file_name": "wingDisc"}