{"parameter_model": [0, 4.731512589614803e-05, 0, 0, 5.95662143529011e-08, 0, 0, 2.818382931264449e-05, 0, 0, 0, 0.1, 0.1, 10, 0.1, 0.1, 0.1, 0.8912509381337459, 8.128305161640995, 1.5488166189124797, 0.001, 0.001, 1, 1, 0.6, 0.6, 0.6, 0.6, 0.2, 0.1, 3, 0.6, 1.8, 0.006165950018614822, 0.001], "parameter_pressure": 0.001, "output_file_name": "wingDisc"}