{"parameter_model": [0, 1.7782794100389228e-08, 0, 0, 2.818382931264455e-08, 0, 0, 8.709635899560797e-06, 0, 0, 0, 0.1, 0.1, 10, 0.1, 0.1, 0.1, 1.5135612484362071e-05, 2.1877616239495516, 0.00010471285480508996, 0.001, 0.001, 1, 1, 0.6, 0.6, 0.6, 0.6, 0.2, 0.1, 3, 0.6, 1.8, 1.1481536214968817e-08, 0.001], "parameter_pressure": 0.001, "output_file_name": "wingDisc"}