{"parameter_model": [0, 0.00026607250597988083, 0, 0, 5.956621435290109e-07, 0, 0, 3.715352290971728e-08, 0, 0, 0, 0.1, 0.1, 10, 0.1, 0.1, 0.1, 0.09772372209558111, 4.897788193684456e-05, 3.5481338923357604, 0.001, 0.001, 1, 1, 0.6, 0.6, 0.6, 0.6, 0.2, 0.1, 3, 0.6, 1.8, 2.0417379446695316e-06, 0.001], "parameter_pressure": 0.001, "output_file_name": "wingDisc"}