{"parameter_model": [0, 1.0592537251772897e-05, 0, 0, 2.6607250597988087e-08, 0, 0, 0.0013489628825916532, 0, 0, 0, 0.1, 0.1, 10, 0.1, 0.1, 0.1, 0.03235936569296281, 0.0011748975549395304, 0.08511380382023767, 0.001, 0.001, 1, 1, 0.6, 0.6, 0.6, 0.6, 0.2, 0.1, 3, 0.6, 1.8, 0.0008912509381337459, 0.001], "parameter_pressure": 0.001, "output_file_name": "wingDisc"}