{"parameter_model": [0, 2.3713737056616552e-06, 0, 0, 0.00011885022274370189, 0, 0, 1.479108388168207e-07, 0, 0, 0, 0.1, 0.1, 10, 0.1, 0.1, 0.1, 0.018620871366628693, 0.00012882495516931337, 0.003090295432513592, 0.001, 0.001, 1, 1, 0.6, 0.6, 0.6, 0.6, 0.2, 0.1, 3, 0.6, 1.8, 0.0023442288153199225, 0.001], "parameter_pressure": 0.001, "output_file_name": "wingDisc"}