{"parameter_model": [0, 0.000875, 0, 0, 0.000375, 0, 0, 0.009750000000000002, 0, 0, 0, 0.1, 0.1, 10, 0.1, 0.1, 0.1, 3.750000625, 6.750000325000001, 0.250000975, 0.001, 0.001, 1, 1, 0.6, 0.6, 0.6, 0.6, 0.2, 0.1, 3, 0.6, 1.8, 0.0032500000000000007, 0.001], "parameter_pressure": 0.001, "output_file_name": "wingDisc"}