{"parameter_model": [0, 8.413951416451948e-06, 0, 0, 3.3496543915782795e-08, 0, 0, 1.6218100973589297e-08, 0, 0, 0, 0.1, 0.1, 10, 0.1, 0.1, 0.1, 0.00019498445997580456, 4.265795188015926e-05, 0.0005888436553555889, 0.001, 0.001, 1, 1, 0.6, 0.6, 0.6, 0.6, 0.2, 0.1, 3, 0.6, 1.8, 0.00407380277804113, 0.001], "parameter_pressure": 0.001, "output_file_name": "wingDisc"}