{"parameter_model": [0, 0.00014125375446227554, 0, 0, 0.0007079457843841374, 0, 0, 7.244359600749891e-07, 0, 0, 0, 0.1, 0.1, 10, 0.1, 0.1, 0.1, 8.709635899560796, 0.00018197008586099845, 2.1877616239495516, 0.001, 0.001, 1, 1, 0.6, 0.6, 0.6, 0.6, 0.2, 0.1, 3, 0.6, 1.8, 6.606934480075964e-06, 0.001], "parameter_pressure": 0.001, "output_file_name": "wingDisc"}