{"parameter_model": [0, 2.985382618917957e-08, 0, 0, 9.440608762859227e-05, 0, 0, 3.715352290971728e-05, 0, 0, 0, 0.1, 0.1, 10, 0.1, 0.1, 0.1, 0.0003890451449942805, 0.00014791083881682073, 0.0020417379446695297, 0.001, 0.001, 1, 1, 0.6, 0.6, 0.6, 0.6, 0.2, 0.1, 3, 0.6, 1.8, 0.0011748975549395304, 0.001], "parameter_pressure": 0.001, "output_file_name": "wingDisc"}