{"parameter_model": [0, 0.000375, 0, 0, 0.0007750000000000001, 0, 0, 0.00125, 0, 0, 0, 0.1, 0.1, 10, 0.1, 0.1, 0.1, 1.7500008250000003, 8.750000125, 6.750000325000001, 0.001, 0.001, 1, 1, 0.6, 0.6, 0.6, 0.6, 0.2, 0.1, 3, 0.6, 1.8, 0.0022500000000000003, 0.001], "parameter_pressure": 0.001, "output_file_name": "wingDisc"}