{"parameter_model": [0, 8.912509381337459e-08, 0, 0, 1.4125375446227555e-05, 0, 0, 0.00010471285480509007, 0, 0, 0, 0.1, 0.1, 10, 0.1, 0.1, 0.1, 0.13803842646028866, 0.00013803842646028852, 0.0038018939632056127, 0.001, 0.001, 1, 1, 0.6, 0.6, 0.6, 0.6, 0.2, 0.1, 3, 0.6, 1.8, 0.0009549925860214369, 0.001], "parameter_pressure": 0.001, "output_file_name": "wingDisc"}